{"cameraMode":{"drawMode":0,"name":"Shaded","section":"Shading Mode"},"sceneLighting":true,"audioPlay":false,"sceneViewState":{"showFog":true,"showMaterialUpdate":false,"showSkybox":true,"showFlares":true,"showImageEffects":true,"showParticleSystems":true},"in2DMode":false,"pivot":{"x":14.556541442871094,"y":-6.557300090789795,"z":-9.962969779968262},"rotation":{"x":-0.0851866826415062,"y":-0.8738955855369568,"z":0.16580116748809815,"w":-0.4489787518978119},"size":11.711175918579102,"orthographic":false}