{"cameraMode":{"drawMode":0,"name":"Shaded","section":"Shading Mode"},"sceneLighting":true,"audioPlay":false,"sceneViewState":{"showFog":true,"showMaterialUpdate":false,"showSkybox":true,"showFlares":true,"showImageEffects":true,"showParticleSystems":true},"in2DMode":false,"pivot":{"x":12.909457206726075,"y":-8.445699691772461,"z":-10.985786437988282},"rotation":{"x":-0.0851866826415062,"y":-0.8738955855369568,"z":0.16580116748809815,"w":-0.4489787518978119},"size":15.804579734802246,"orthographic":false}